term	estimate	std.error	p.value	OR	OR.L95	OR.U95
male vs female	0.5084368103327255	0.26486910462001356	0.05491127085567401	1.6626900625182797	1.0013803864143775	2.8438373405852184
