null.deviance	df.null	logLik	AIC	BIC	deviance	df.residual	nobs
533.6491430261729	1247	-264.89325335617764	533.7865067123553	544.0451018102141	529.7865067123554	1246	1248
